{
  "ligand": "ADP",
  "embedder": "BERT",
  "result_tag": "basic",
  "model_to_string": "Sequential(\n  (0): Linear(in_features=1024, out_features=50, bias=True)\n  (1): ReLU()\n  (2): Linear(in_features=50, out_features=10, bias=True)\n  (3): ReLU()\n  (4): Linear(in_features=10, out_features=1, bias=True)\n  (5): Sigmoid()\n)",
  "batch_size": 1000,
  "total_epochs": 20,
  "seed": 42,
  "learning_rate": 0.001,
  "hidden_layers": [
    50,
    10
  ],
  "all_stats": [
    {
      "epochs": 0,
      "acc": 97.94957733154297,
      "mcc": -0.002527009585663308
    },
    {
      "epochs": 10,
      "acc": 97.92789459228516,
      "mcc": 0.21153533461838298
    },
    {
      "epochs": 20,
      "acc": 97.15046691894531,
      "mcc": 0.25319964312766835
    }
  ],
  "final_stats": {
    "epochs": 20,
    "acc": 97.15046691894531,
    "mcc": 0.25319964312766835
  }
}