{
  "ligand": "ADP",
  "embedder": "BERT",
  "model_to_string": "Sequential(\n  (0): Linear(in_features=1024, out_features=50, bias=True)\n  (1): ReLU()\n  (2): Linear(in_features=50, out_features=10, bias=True)\n  (3): ReLU()\n  (4): Linear(in_features=10, out_features=1, bias=True)\n  (5): Sigmoid()\n)",
  "batch_size": 1000,
  "total_epochs": 20,
  "seed": 42,
  "learning_rate": 0.01,
  "hidden_layers": [
    50,
    10
  ],
  "all_stats": [
    {
      "epochs": 0,
      "acc": 97.98054504394531,
      "mcc": 0.0
    },
    {
      "epochs": 10,
      "acc": 97.52833557128906,
      "mcc": 0.24068120164994297
    },
    {
      "epochs": 20,
      "acc": 96.3637466430664,
      "mcc": 0.24282594968468776
    }
  ],
  "final_stats": {
    "epochs": 20,
    "acc": 96.3637466430664,
    "mcc": 0.24282594968468776
  }
}