{
  "ligand": "AMP",
  "embedder": "T5",
  "model_to_string": "Sequential(\n  (0): Linear(in_features=1024, out_features=30, bias=True)\n  (1): ReLU()\n  (2): Linear(in_features=30, out_features=5, bias=True)\n  (3): ReLU()\n  (4): Linear(in_features=5, out_features=1, bias=True)\n  (5): Sigmoid()\n)",
  "batch_size": 1000,
  "total_epochs": 20,
  "seed": 42,
  "learning_rate": 0.01,
  "hidden_layers": [
    30,
    5
  ],
  "all_stats": [
    {
      "epochs": 0,
      "acc": 96.9278793334961,
      "mcc": 0.0
    },
    {
      "epochs": 10,
      "acc": 96.70609283447266,
      "mcc": 0.3079614697677839
    },
    {
      "epochs": 20,
      "acc": 96.23788452148438,
      "mcc": 0.3378739168807731
    }
  ],
  "final_stats": {
    "epochs": 20,
    "acc": 96.23788452148438,
    "mcc": 0.3378739168807731
  }
}