{
  "ligand": "AMP",
  "embedder": "ESM",
  "model_to_string": "Sequential(\n  (0): Linear(in_features=1280, out_features=30, bias=True)\n  (1): ReLU()\n  (2): Linear(in_features=30, out_features=5, bias=True)\n  (3): ReLU()\n  (4): Linear(in_features=5, out_features=1, bias=True)\n  (5): Sigmoid()\n)",
  "batch_size": 1000,
  "total_epochs": 20,
  "seed": 42,
  "learning_rate": 0.001,
  "hidden_layers": [
    30,
    5
  ],
  "all_stats": [
    {
      "epochs": 0,
      "acc": 96.9278793334961,
      "mcc": 0.0
    },
    {
      "epochs": 10,
      "acc": 96.93609619140625,
      "mcc": 0.13777092745297215
    },
    {
      "epochs": 20,
      "acc": 96.8703842163086,
      "mcc": 0.16939055067948047
    }
  ],
  "final_stats": {
    "epochs": 20,
    "acc": 96.8703842163086,
    "mcc": 0.16939055067948047
  }
}