{
  "ligand": "AMP",
  "embedder": "BERT",
  "model_to_string": "Sequential(\n  (0): Linear(in_features=1024, out_features=100, bias=True)\n  (1): ReLU()\n  (2): Linear(in_features=100, out_features=20, bias=True)\n  (3): ReLU()\n  (4): Linear(in_features=20, out_features=1, bias=True)\n  (5): Sigmoid()\n)",
  "batch_size": 1000,
  "total_epochs": 20,
  "seed": 42,
  "learning_rate": 0.01,
  "hidden_layers": [
    100,
    20
  ],
  "all_stats": [
    {
      "epochs": 0,
      "acc": 96.9278793334961,
      "mcc": 0.0
    },
    {
      "epochs": 10,
      "acc": 95.8271713256836,
      "mcc": 0.17137421692244684
    },
    {
      "epochs": 20,
      "acc": 96.36931610107422,
      "mcc": 0.15703271474310165
    }
  ],
  "final_stats": {
    "epochs": 20,
    "acc": 96.36931610107422,
    "mcc": 0.15703271474310165
  }
}