{
  "ligand": "AMP",
  "embedder": "BERT",
  "model_to_string": "Sequential(\n  (0): Linear(in_features=1024, out_features=50, bias=True)\n  (1): ReLU()\n  (2): Linear(in_features=50, out_features=10, bias=True)\n  (3): ReLU()\n  (4): Linear(in_features=10, out_features=1, bias=True)\n  (5): Sigmoid()\n)",
  "batch_size": 1000,
  "total_epochs": 20,
  "seed": 42,
  "learning_rate": 0.001,
  "hidden_layers": [
    50,
    10
  ],
  "all_stats": [
    {
      "epochs": 0,
      "acc": 96.8703842163086,
      "mcc": -0.004270237827927749
    },
    {
      "epochs": 10,
      "acc": 96.91967010498047,
      "mcc": 0.027532161786322288
    },
    {
      "epochs": 20,
      "acc": 96.93609619140625,
      "mcc": 0.1544763565243987
    }
  ],
  "final_stats": {
    "epochs": 20,
    "acc": 96.93609619140625,
    "mcc": 0.1544763565243987
  }
}