{
  "ligand": "ATP",
  "embedder": "T5",
  "model_to_string": "Sequential(\n  (0): Linear(in_features=1024, out_features=50, bias=True)\n  (1): ReLU()\n  (2): Linear(in_features=50, out_features=10, bias=True)\n  (3): ReLU()\n  (4): Linear(in_features=10, out_features=1, bias=True)\n  (5): Sigmoid()\n)",
  "batch_size": 1000,
  "total_epochs": 20,
  "seed": 42,
  "learning_rate": 0.001,
  "hidden_layers": [
    50,
    10
  ],
  "all_stats": [
    {
      "epochs": 0,
      "acc": 96.41556549072266,
      "mcc": 0.13199246773158002
    },
    {
      "epochs": 10,
      "acc": 96.83090209960938,
      "mcc": 0.4443184876835528
    },
    {
      "epochs": 20,
      "acc": 96.4781494140625,
      "mcc": 0.4445496218030569
    }
  ],
  "final_stats": {
    "epochs": 20,
    "acc": 96.4781494140625,
    "mcc": 0.4445496218030569
  }
}