{
  "ligand": "CA",
  "embedder": "T5",
  "model_to_string": "Sequential(\n  (0): Linear(in_features=1024, out_features=50, bias=True)\n  (1): ReLU()\n  (2): Linear(in_features=50, out_features=10, bias=True)\n  (3): ReLU()\n  (4): Linear(in_features=10, out_features=1, bias=True)\n  (5): Sigmoid()\n)",
  "batch_size": 1000,
  "total_epochs": 20,
  "seed": 42,
  "learning_rate": 0.001,
  "hidden_layers": [
    50,
    10
  ],
  "all_stats": [
    {
      "epochs": 0,
      "acc": 98.9283218383789,
      "mcc": 0.07412291288553556
    },
    {
      "epochs": 10,
      "acc": 98.82966613769531,
      "mcc": 0.2395572536784302
    },
    {
      "epochs": 20,
      "acc": 98.6458740234375,
      "mcc": 0.20786704898239383
    }
  ],
  "final_stats": {
    "epochs": 20,
    "acc": 98.6458740234375,
    "mcc": 0.20786704898239383
  }
}