{
  "ligand": "DNA",
  "embedder": "T5",
  "model_to_string": "Sequential(\n  (0): Linear(in_features=1024, out_features=50, bias=True)\n  (1): ReLU()\n  (2): Linear(in_features=50, out_features=10, bias=True)\n  (3): ReLU()\n  (4): Linear(in_features=10, out_features=1, bias=True)\n  (5): Sigmoid()\n)",
  "batch_size": 1000,
  "total_epochs": 20,
  "seed": 42,
  "learning_rate": 0.001,
  "hidden_layers": [
    50,
    10
  ],
  "all_stats": [
    {
      "epochs": 0,
      "acc": 96.28378295898438,
      "mcc": 0.1100555986278563
    },
    {
      "epochs": 10,
      "acc": 95.32657623291016,
      "mcc": 0.21572226833834907
    },
    {
      "epochs": 20,
      "acc": 94.43318176269531,
      "mcc": 0.23358200888812988
    }
  ],
  "final_stats": {
    "epochs": 20,
    "acc": 94.43318176269531,
    "mcc": 0.23358200888812988
  }
}