{
  "ligand": "DNA",
  "embedder": "T5",
  "model_to_string": "Sequential(\n  (0): Linear(in_features=1024, out_features=30, bias=True)\n  (1): ReLU()\n  (2): Linear(in_features=30, out_features=5, bias=True)\n  (3): ReLU()\n  (4): Linear(in_features=5, out_features=1, bias=True)\n  (5): Sigmoid()\n)",
  "batch_size": 1000,
  "total_epochs": 20,
  "seed": 42,
  "learning_rate": 0.001,
  "hidden_layers": [
    30,
    5
  ],
  "all_stats": [
    {
      "epochs": 0,
      "acc": 96.4789810180664,
      "mcc": 0.0
    },
    {
      "epochs": 10,
      "acc": 95.45796203613281,
      "mcc": 0.19897140862628981
    },
    {
      "epochs": 20,
      "acc": 94.7109603881836,
      "mcc": 0.19646459384540865
    }
  ],
  "final_stats": {
    "epochs": 20,
    "acc": 94.7109603881836,
    "mcc": 0.19646459384540865
  }
}