{
  "ligand": "DNA",
  "embedder": "ESM",
  "result_tag": "basic",
  "model_to_string": "Sequential(\n  (0): Linear(in_features=1280, out_features=100, bias=True)\n  (1): ReLU()\n  (2): Linear(in_features=100, out_features=20, bias=True)\n  (3): ReLU()\n  (4): Linear(in_features=20, out_features=1, bias=True)\n  (5): Sigmoid()\n)",
  "batch_size": 1000,
  "total_epochs": 20,
  "seed": 42,
  "learning_rate": 0.01,
  "hidden_layers": [
    100,
    20
  ],
  "all_stats": [
    {
      "epochs": 0,
      "acc": 95.99121856689453,
      "mcc": 0.05122030891660523
    },
    {
      "epochs": 10,
      "acc": 95.93836975097656,
      "mcc": 0.11558160202800057
    },
    {
      "epochs": 20,
      "acc": 92.64920806884766,
      "mcc": 0.2200282191695393
    }
  ],
  "final_stats": {
    "epochs": 20,
    "acc": 92.64920806884766,
    "mcc": 0.2200282191695393
  }
}