{
  "ligand": "DNA",
  "embedder": "BERT",
  "model_to_string": "Sequential(\n  (0): Linear(in_features=1024, out_features=50, bias=True)\n  (1): ReLU()\n  (2): Linear(in_features=50, out_features=10, bias=True)\n  (3): ReLU()\n  (4): Linear(in_features=10, out_features=1, bias=True)\n  (5): Sigmoid()\n)",
  "batch_size": 1000,
  "total_epochs": 20,
  "seed": 42,
  "learning_rate": 0.001,
  "hidden_layers": [
    50,
    10
  ],
  "all_stats": [
    {
      "epochs": 0,
      "acc": 96.46771240234375,
      "mcc": 0.02203449558362977
    },
    {
      "epochs": 10,
      "acc": 96.04730224609375,
      "mcc": 0.19093746627948355
    },
    {
      "epochs": 20,
      "acc": 93.53227996826172,
      "mcc": 0.21426014029348972
    }
  ],
  "final_stats": {
    "epochs": 20,
    "acc": 93.53227996826172,
    "mcc": 0.21426014029348972
  }
}