{
  "ligand": "FE",
  "embedder": "BERT",
  "model_to_string": "Sequential(\n  (0): Linear(in_features=1024, out_features=50, bias=True)\n  (1): ReLU()\n  (2): Linear(in_features=50, out_features=10, bias=True)\n  (3): ReLU()\n  (4): Linear(in_features=10, out_features=1, bias=True)\n  (5): Sigmoid()\n)",
  "batch_size": 1000,
  "total_epochs": 20,
  "seed": 42,
  "learning_rate": 0.001,
  "hidden_layers": [
    50,
    10
  ],
  "all_stats": [
    {
      "epochs": 0,
      "acc": 98.80140686035156,
      "mcc": -0.0010535216421820692
    },
    {
      "epochs": 10,
      "acc": 98.82906341552734,
      "mcc": 0.3130064494010685
    },
    {
      "epochs": 20,
      "acc": 98.94892120361328,
      "mcc": 0.40698695497473986
    }
  ],
  "final_stats": {
    "epochs": 20,
    "acc": 98.94892120361328,
    "mcc": 0.40698695497473986
  }
}