{
  "ligand": "FE",
  "embedder": "ESM",
  "model_to_string": "Sequential(\n  (0): Linear(in_features=1280, out_features=50, bias=True)\n  (1): ReLU()\n  (2): Linear(in_features=50, out_features=10, bias=True)\n  (3): ReLU()\n  (4): Linear(in_features=10, out_features=1, bias=True)\n  (5): Sigmoid()\n)",
  "batch_size": 1000,
  "total_epochs": 20,
  "seed": 42,
  "learning_rate": 0.001,
  "hidden_layers": [
    50,
    10
  ],
  "all_stats": [
    {
      "epochs": 0,
      "acc": 98.81061553955078,
      "mcc": 0.0
    },
    {
      "epochs": 10,
      "acc": 98.99502563476562,
      "mcc": 0.5740694232220191
    },
    {
      "epochs": 20,
      "acc": 99.05956268310547,
      "mcc": 0.527143956282751
    }
  ],
  "final_stats": {
    "epochs": 20,
    "acc": 99.05956268310547,
    "mcc": 0.527143956282751
  }
}