{
  "ligand": "FE",
  "embedder": "T5",
  "model_to_string": "Sequential(\n  (0): Linear(in_features=1024, out_features=50, bias=True)\n  (1): ReLU()\n  (2): Linear(in_features=50, out_features=10, bias=True)\n  (3): ReLU()\n  (4): Linear(in_features=10, out_features=1, bias=True)\n  (5): Sigmoid()\n)",
  "batch_size": 1000,
  "total_epochs": 20,
  "seed": 42,
  "learning_rate": 0.01,
  "hidden_layers": [
    50,
    10
  ],
  "all_stats": [
    {
      "epochs": 0,
      "acc": 98.98580169677734,
      "mcc": 0.40199682052078695
    },
    {
      "epochs": 10,
      "acc": 99.0780029296875,
      "mcc": 0.5803694893177439
    },
    {
      "epochs": 20,
      "acc": 99.06877899169922,
      "mcc": 0.620360727126959
    }
  ],
  "final_stats": {
    "epochs": 20,
    "acc": 99.06877899169922,
    "mcc": 0.620360727126959
  }
}