{
  "ligand": "FE",
  "embedder": "ESM",
  "model_to_string": "Sequential(\n  (0): Linear(in_features=1280, out_features=50, bias=True)\n  (1): ReLU()\n  (2): Linear(in_features=50, out_features=10, bias=True)\n  (3): ReLU()\n  (4): Linear(in_features=10, out_features=1, bias=True)\n  (5): Sigmoid()\n)",
  "batch_size": 1000,
  "total_epochs": 20,
  "seed": 42,
  "learning_rate": 0.01,
  "hidden_layers": [
    50,
    10
  ],
  "all_stats": [
    {
      "epochs": 0,
      "acc": 99.04112243652344,
      "mcc": 0.46796859648885775
    },
    {
      "epochs": 10,
      "acc": 98.9765853881836,
      "mcc": 0.4507255656661619
    },
    {
      "epochs": 20,
      "acc": 98.8382797241211,
      "mcc": 0.49426993583972934
    }
  ],
  "final_stats": {
    "epochs": 20,
    "acc": 98.8382797241211,
    "mcc": 0.49426993583972934
  }
}