{
  "ligand": "GDP",
  "embedder": "ESM",
  "model_to_string": "Sequential(\n  (0): Linear(in_features=1280, out_features=50, bias=True)\n  (1): ReLU()\n  (2): Linear(in_features=50, out_features=10, bias=True)\n  (3): ReLU()\n  (4): Linear(in_features=10, out_features=1, bias=True)\n  (5): Sigmoid()\n)",
  "batch_size": 1000,
  "total_epochs": 20,
  "seed": 42,
  "learning_rate": 0.01,
  "hidden_layers": [
    50,
    10
  ],
  "all_stats": [
    {
      "epochs": 0,
      "acc": 96.40978240966797,
      "mcc": 0.42923773316482094
    },
    {
      "epochs": 10,
      "acc": 97.32449340820312,
      "mcc": 0.6230695931606787
    },
    {
      "epochs": 20,
      "acc": 97.2558822631836,
      "mcc": 0.6318726640490199
    }
  ],
  "final_stats": {
    "epochs": 20,
    "acc": 97.2558822631836,
    "mcc": 0.6318726640490199
  }
}