{
  "ligand": "GDP",
  "embedder": "T5",
  "result_tag": "basic",
  "model_to_string": "Sequential(\n  (0): Linear(in_features=1024, out_features=50, bias=True)\n  (1): ReLU()\n  (2): Linear(in_features=50, out_features=10, bias=True)\n  (3): ReLU()\n  (4): Linear(in_features=10, out_features=1, bias=True)\n  (5): Sigmoid()\n)",
  "batch_size": 1000,
  "total_epochs": 20,
  "seed": 42,
  "learning_rate": 0.001,
  "hidden_layers": [
    50,
    10
  ],
  "all_stats": [
    {
      "epochs": 0,
      "acc": 86.3251724243164,
      "mcc": 0.12277728069530348
    },
    {
      "epochs": 10,
      "acc": 97.07294464111328,
      "mcc": 0.5895141572783857
    },
    {
      "epochs": 20,
      "acc": 97.11868286132812,
      "mcc": 0.6028541866152483
    }
  ],
  "final_stats": {
    "epochs": 20,
    "acc": 97.11868286132812,
    "mcc": 0.6028541866152483
  }
}