{
  "ligand": "GDP",
  "embedder": "BERT",
  "result_tag": "basic",
  "model_to_string": "Sequential(\n  (0): Linear(in_features=1024, out_features=50, bias=True)\n  (1): ReLU()\n  (2): Linear(in_features=50, out_features=10, bias=True)\n  (3): ReLU()\n  (4): Linear(in_features=10, out_features=1, bias=True)\n  (5): Sigmoid()\n)",
  "batch_size": 1000,
  "total_epochs": 20,
  "seed": 42,
  "learning_rate": 0.001,
  "hidden_layers": [
    50,
    10
  ],
  "all_stats": [
    {
      "epochs": 0,
      "acc": 83.03224182128906,
      "mcc": -0.016820765249474467
    },
    {
      "epochs": 10,
      "acc": 95.90670013427734,
      "mcc": 0.2720977862020144
    },
    {
      "epochs": 20,
      "acc": 96.86714172363281,
      "mcc": 0.5614741250910703
    }
  ],
  "final_stats": {
    "epochs": 20,
    "acc": 96.86714172363281,
    "mcc": 0.5614741250910703
  }
}