{
  "ligand": "GDP",
  "embedder": "BERT",
  "result_tag": "basic",
  "model_to_string": "Sequential(\n  (0): Linear(in_features=1024, out_features=50, bias=True)\n  (1): ReLU()\n  (2): Linear(in_features=50, out_features=10, bias=True)\n  (3): ReLU()\n  (4): Linear(in_features=10, out_features=1, bias=True)\n  (5): Sigmoid()\n)",
  "batch_size": 1000,
  "total_epochs": 20,
  "seed": 42,
  "learning_rate": 0.01,
  "hidden_layers": [
    50,
    10
  ],
  "all_stats": [
    {
      "epochs": 0,
      "acc": 95.60942077636719,
      "mcc": 0.15249413091858638
    },
    {
      "epochs": 10,
      "acc": 96.02104187011719,
      "mcc": 0.4578835472733694
    },
    {
      "epochs": 20,
      "acc": 96.2725830078125,
      "mcc": 0.48754549344339093
    }
  ],
  "final_stats": {
    "epochs": 20,
    "acc": 96.2725830078125,
    "mcc": 0.48754549344339093
  }
}