{
  "ligand": "GDP",
  "embedder": "T5",
  "model_to_string": "Sequential(\n  (0): Linear(in_features=1024, out_features=50, bias=True)\n  (1): ReLU()\n  (2): Linear(in_features=50, out_features=10, bias=True)\n  (3): ReLU()\n  (4): Linear(in_features=10, out_features=1, bias=True)\n  (5): Sigmoid()\n)",
  "batch_size": 1000,
  "total_epochs": 20,
  "seed": 42,
  "learning_rate": 0.01,
  "hidden_layers": [
    50,
    10
  ],
  "all_stats": [
    {
      "epochs": 0,
      "acc": 96.84427642822266,
      "mcc": 0.5398116850036738
    },
    {
      "epochs": 10,
      "acc": 96.91287231445312,
      "mcc": 0.6118964370093932
    },
    {
      "epochs": 20,
      "acc": 97.27875518798828,
      "mcc": 0.6451880270434678
    }
  ],
  "final_stats": {
    "epochs": 20,
    "acc": 97.27875518798828,
    "mcc": 0.6451880270434678
  }
}