{
  "ligand": "GDP",
  "embedder": "ESM",
  "model_to_string": "Sequential(\n  (0): Linear(in_features=1280, out_features=30, bias=True)\n  (1): ReLU()\n  (2): Linear(in_features=30, out_features=5, bias=True)\n  (3): ReLU()\n  (4): Linear(in_features=5, out_features=1, bias=True)\n  (5): Sigmoid()\n)",
  "batch_size": 1000,
  "total_epochs": 20,
  "seed": 42,
  "learning_rate": 0.01,
  "hidden_layers": [
    30,
    5
  ],
  "all_stats": [
    {
      "epochs": 0,
      "acc": 96.2725830078125,
      "mcc": 0.3918798861644115
    },
    {
      "epochs": 10,
      "acc": 97.02721405029297,
      "mcc": 0.5672786811005313
    },
    {
      "epochs": 20,
      "acc": 96.79853820800781,
      "mcc": 0.5453509162296827
    }
  ],
  "final_stats": {
    "epochs": 20,
    "acc": 96.79853820800781,
    "mcc": 0.5453509162296827
  }
}