{
  "ligand": "GDP",
  "embedder": "ESM",
  "model_to_string": "Sequential(\n  (0): Linear(in_features=1280, out_features=100, bias=True)\n  (1): ReLU()\n  (2): Linear(in_features=100, out_features=20, bias=True)\n  (3): ReLU()\n  (4): Linear(in_features=20, out_features=1, bias=True)\n  (5): Sigmoid()\n)",
  "batch_size": 1000,
  "total_epochs": 20,
  "seed": 42,
  "learning_rate": 0.001,
  "hidden_layers": [
    100,
    20
  ],
  "all_stats": [
    {
      "epochs": 0,
      "acc": 95.56368255615234,
      "mcc": 0.0
    },
    {
      "epochs": 10,
      "acc": 97.05007934570312,
      "mcc": 0.597661198024886
    },
    {
      "epochs": 20,
      "acc": 96.79853820800781,
      "mcc": 0.5946430822897162
    }
  ],
  "final_stats": {
    "epochs": 20,
    "acc": 96.79853820800781,
    "mcc": 0.5946430822897162
  }
}