{
  "ligand": "GTP",
  "embedder": "ESM",
  "model_to_string": "Sequential(\n  (0): Linear(in_features=1280, out_features=30, bias=True)\n  (1): ReLU()\n  (2): Linear(in_features=30, out_features=5, bias=True)\n  (3): ReLU()\n  (4): Linear(in_features=5, out_features=1, bias=True)\n  (5): Sigmoid()\n)",
  "batch_size": 1000,
  "total_epochs": 20,
  "seed": 42,
  "learning_rate": 0.01,
  "hidden_layers": [
    30,
    5
  ],
  "all_stats": [
    {
      "epochs": 0,
      "acc": 89.62698364257812,
      "mcc": 0.14803957168582177
    },
    {
      "epochs": 10,
      "acc": 95.96321105957031,
      "mcc": 0.5473735187372428
    },
    {
      "epochs": 20,
      "acc": 96.78079223632812,
      "mcc": 0.5766300413860465
    }
  ],
  "final_stats": {
    "epochs": 20,
    "acc": 96.78079223632812,
    "mcc": 0.5766300413860465
  }
}