{
  "ligand": "GTP",
  "embedder": "BERT",
  "result_tag": "basic",
  "model_to_string": "Sequential(\n  (0): Linear(in_features=1024, out_features=50, bias=True)\n  (1): ReLU()\n  (2): Linear(in_features=50, out_features=10, bias=True)\n  (3): ReLU()\n  (4): Linear(in_features=10, out_features=1, bias=True)\n  (5): Sigmoid()\n)",
  "batch_size": 1000,
  "total_epochs": 20,
  "seed": 42,
  "learning_rate": 0.001,
  "hidden_layers": [
    50,
    10
  ],
  "all_stats": [
    {
      "epochs": 0,
      "acc": 77.1589126586914,
      "mcc": -0.05042122226923342
    },
    {
      "epochs": 10,
      "acc": 95.5544204711914,
      "mcc": 0.14653286790308037
    },
    {
      "epochs": 20,
      "acc": 95.96321105957031,
      "mcc": 0.33424318402644526
    }
  ],
  "final_stats": {
    "epochs": 20,
    "acc": 95.96321105957031,
    "mcc": 0.33424318402644526
  }
}