{
  "ligand": "GTP",
  "embedder": "BERT",
  "model_to_string": "Sequential(\n  (0): Linear(in_features=1024, out_features=50, bias=True)\n  (1): ReLU()\n  (2): Linear(in_features=50, out_features=10, bias=True)\n  (3): ReLU()\n  (4): Linear(in_features=10, out_features=1, bias=True)\n  (5): Sigmoid()\n)",
  "batch_size": 1000,
  "total_epochs": 20,
  "seed": 42,
  "learning_rate": 0.01,
  "hidden_layers": [
    50,
    10
  ],
  "all_stats": [
    {
      "epochs": 0,
      "acc": 95.45222473144531,
      "mcc": 0.0
    },
    {
      "epochs": 10,
      "acc": 96.2697982788086,
      "mcc": 0.4584651115113501
    },
    {
      "epochs": 20,
      "acc": 96.37199401855469,
      "mcc": 0.4931327915061957
    }
  ],
  "final_stats": {
    "epochs": 20,
    "acc": 96.37199401855469,
    "mcc": 0.4931327915061957
  }
}