{
  "ligand": "HEME",
  "embedder": "T5",
  "model_to_string": "Sequential(\n  (0): Linear(in_features=1024, out_features=100, bias=True)\n  (1): ReLU()\n  (2): Linear(in_features=100, out_features=20, bias=True)\n  (3): ReLU()\n  (4): Linear(in_features=20, out_features=1, bias=True)\n  (5): Sigmoid()\n)",
  "batch_size": 1000,
  "total_epochs": 20,
  "seed": 42,
  "learning_rate": 0.001,
  "hidden_layers": [
    100,
    20
  ],
  "all_stats": [
    {
      "epochs": 0,
      "acc": 94.53700256347656,
      "mcc": 0.0
    },
    {
      "epochs": 10,
      "acc": 96.45486450195312,
      "mcc": 0.6151217982650034
    },
    {
      "epochs": 20,
      "acc": 96.59046936035156,
      "mcc": 0.6525807347478311
    }
  ],
  "final_stats": {
    "epochs": 20,
    "acc": 96.59046936035156,
    "mcc": 0.6525807347478311
  }
}