{
  "ligand": "HEME",
  "embedder": "T5",
  "result_tag": "basic",
  "model_to_string": "Sequential(\n  (0): Linear(in_features=1024, out_features=30, bias=True)\n  (1): ReLU()\n  (2): Linear(in_features=30, out_features=5, bias=True)\n  (3): ReLU()\n  (4): Linear(in_features=5, out_features=1, bias=True)\n  (5): Sigmoid()\n)",
  "batch_size": 1000,
  "total_epochs": 20,
  "seed": 42,
  "learning_rate": 0.01,
  "hidden_layers": [
    30,
    5
  ],
  "all_stats": [
    {
      "epochs": 0,
      "acc": 95.83494567871094,
      "mcc": 0.4908223671777209
    },
    {
      "epochs": 10,
      "acc": 96.43548583984375,
      "mcc": 0.6289318744570561
    },
    {
      "epochs": 20,
      "acc": 96.04804229736328,
      "mcc": 0.6186746480533164
    }
  ],
  "final_stats": {
    "epochs": 20,
    "acc": 96.04804229736328,
    "mcc": 0.6186746480533164
  }
}