{
  "ligand": "HEME",
  "embedder": "ESM",
  "model_to_string": "Sequential(\n  (0): Linear(in_features=1280, out_features=50, bias=True)\n  (1): ReLU()\n  (2): Linear(in_features=50, out_features=10, bias=True)\n  (3): ReLU()\n  (4): Linear(in_features=10, out_features=1, bias=True)\n  (5): Sigmoid()\n)",
  "batch_size": 1000,
  "total_epochs": 20,
  "seed": 42,
  "learning_rate": 0.001,
  "hidden_layers": [
    50,
    10
  ],
  "all_stats": [
    {
      "epochs": 0,
      "acc": 94.53700256347656,
      "mcc": 0.0
    },
    {
      "epochs": 10,
      "acc": 96.00929260253906,
      "mcc": 0.5484870457338091
    },
    {
      "epochs": 20,
      "acc": 96.01898193359375,
      "mcc": 0.5339596634687155
    }
  ],
  "final_stats": {
    "epochs": 20,
    "acc": 96.01898193359375,
    "mcc": 0.5339596634687155
  }
}