{
  "ligand": "HEME",
  "embedder": "T5",
  "result_tag": "basic",
  "model_to_string": "Sequential(\n  (0): Linear(in_features=1024, out_features=100, bias=True)\n  (1): ReLU()\n  (2): Linear(in_features=100, out_features=20, bias=True)\n  (3): ReLU()\n  (4): Linear(in_features=20, out_features=1, bias=True)\n  (5): Sigmoid()\n)",
  "batch_size": 1000,
  "total_epochs": 20,
  "seed": 42,
  "learning_rate": 0.01,
  "hidden_layers": [
    100,
    20
  ],
  "all_stats": [
    {
      "epochs": 0,
      "acc": 95.48624420166016,
      "mcc": 0.4171247224324914
    },
    {
      "epochs": 10,
      "acc": 96.55171966552734,
      "mcc": 0.6491475914902173
    },
    {
      "epochs": 20,
      "acc": 96.54203796386719,
      "mcc": 0.6367564683436678
    }
  ],
  "final_stats": {
    "epochs": 20,
    "acc": 96.54203796386719,
    "mcc": 0.6367564683436678
  }
}