{
  "ligand": "MG",
  "embedder": "T5",
  "model_to_string": "Sequential(\n  (0): Linear(in_features=1024, out_features=50, bias=True)\n  (1): ReLU()\n  (2): Linear(in_features=50, out_features=10, bias=True)\n  (3): ReLU()\n  (4): Linear(in_features=10, out_features=1, bias=True)\n  (5): Sigmoid()\n)",
  "batch_size": 1000,
  "total_epochs": 20,
  "seed": 42,
  "learning_rate": 0.01,
  "hidden_layers": [
    50,
    10
  ],
  "all_stats": [
    {
      "epochs": 0,
      "acc": 99.10575866699219,
      "mcc": 0.0
    },
    {
      "epochs": 10,
      "acc": 98.90123748779297,
      "mcc": 0.25739074433068626
    },
    {
      "epochs": 20,
      "acc": 98.80836486816406,
      "mcc": 0.23812787785065753
    }
  ],
  "final_stats": {
    "epochs": 20,
    "acc": 98.80836486816406,
    "mcc": 0.23812787785065753
  }
}