{
  "result_tag": "protrusion_v1",
  "ligand": "MG",
  "embedder": "BERT",
  "model_to_string": "Sequential(\n  (0): Linear(in_features=1043, out_features=400, bias=True)\n  (1): ReLU()\n  (2): Linear(in_features=400, out_features=200, bias=True)\n  (3): ReLU()\n  (4): Linear(in_features=200, out_features=50, bias=True)\n  (5): ReLU()\n  (6): Linear(in_features=50, out_features=1, bias=True)\n  (7): Sigmoid()\n)",
  "batch_size": 1000,
  "total_epochs": 20,
  "seed": 42,
  "learning_rate": 0.01,
  "hidden_layers": [
    400,
    200,
    50
  ],
  "all_stats": [
    {
      "epochs": 0,
      "acc": 99.1494140625,
      "mcc": 0.0
    },
    {
      "epochs": 10,
      "acc": 99.12798309326172,
      "mcc": 0.1373952514006548
    },
    {
      "epochs": 20,
      "acc": 99.06707000732422,
      "mcc": 0.26134206054340364
    }
  ],
  "final_stats": {
    "epochs": 20,
    "acc": 99.06707000732422,
    "mcc": 0.26134206054340364
  },
  "protrusion_radii": [
    1.0,
    1.5,
    2.0,
    2.5,
    3.0,
    3.5,
    4.0,
    4.5,
    5.0,
    5.5,
    6.0,
    6.5,
    7.0,
    7.5,
    8.0,
    8.5,
    9.0,
    9.5,
    10.0
  ]
}