{
  "ligand": "MG",
  "embedder": "BERT",
  "result_tag": "basic",
  "model_to_string": "Sequential(\n  (0): Linear(in_features=1024, out_features=50, bias=True)\n  (1): ReLU()\n  (2): Linear(in_features=50, out_features=10, bias=True)\n  (3): ReLU()\n  (4): Linear(in_features=10, out_features=1, bias=True)\n  (5): Sigmoid()\n)",
  "batch_size": 1000,
  "total_epochs": 20,
  "seed": 42,
  "learning_rate": 0.001,
  "hidden_layers": [
    50,
    10
  ],
  "all_stats": [
    {
      "epochs": 0,
      "acc": 99.09636688232422,
      "mcc": -0.0009205735139802951
    },
    {
      "epochs": 10,
      "acc": 99.05045318603516,
      "mcc": 0.2459858708947479
    },
    {
      "epochs": 20,
      "acc": 98.88975524902344,
      "mcc": 0.22119824698273335
    }
  ],
  "final_stats": {
    "epochs": 20,
    "acc": 98.88975524902344,
    "mcc": 0.22119824698273335
  }
}