{
  "ligand": "MG",
  "embedder": "ESM",
  "model_to_string": "Sequential(\n  (0): Linear(in_features=1280, out_features=100, bias=True)\n  (1): ReLU()\n  (2): Linear(in_features=100, out_features=20, bias=True)\n  (3): ReLU()\n  (4): Linear(in_features=20, out_features=1, bias=True)\n  (5): Sigmoid()\n)",
  "batch_size": 1000,
  "total_epochs": 20,
  "seed": 42,
  "learning_rate": 0.001,
  "hidden_layers": [
    100,
    20
  ],
  "all_stats": [
    {
      "epochs": 0,
      "acc": 99.10746002197266,
      "mcc": 0.1933581178589319
    },
    {
      "epochs": 10,
      "acc": 99.07835388183594,
      "mcc": 0.27778996266069067
    },
    {
      "epochs": 20,
      "acc": 98.58465576171875,
      "mcc": 0.24394863142280482
    }
  ],
  "final_stats": {
    "epochs": 20,
    "acc": 98.58465576171875,
    "mcc": 0.24394863142280482
  }
}