{
  "ligand": "MN",
  "embedder": "T5",
  "result_tag": "basic",
  "model_to_string": "Sequential(\n  (0): Linear(in_features=1024, out_features=30, bias=True)\n  (1): ReLU()\n  (2): Linear(in_features=30, out_features=5, bias=True)\n  (3): ReLU()\n  (4): Linear(in_features=5, out_features=1, bias=True)\n  (5): Sigmoid()\n)",
  "batch_size": 1000,
  "total_epochs": 20,
  "seed": 42,
  "learning_rate": 0.01,
  "hidden_layers": [
    30,
    5
  ],
  "all_stats": [
    {
      "epochs": 0,
      "acc": 99.00565338134766,
      "mcc": 0.3967636511918462
    },
    {
      "epochs": 10,
      "acc": 98.79935455322266,
      "mcc": 0.3507194091228257
    },
    {
      "epochs": 20,
      "acc": 98.82411193847656,
      "mcc": 0.3871654907879082
    }
  ],
  "final_stats": {
    "epochs": 20,
    "acc": 98.82411193847656,
    "mcc": 0.3871654907879082
  }
}