{
  "ligand": "MN",
  "embedder": "T5",
  "model_to_string": "Sequential(\n  (0): Linear(in_features=1024, out_features=30, bias=True)\n  (1): ReLU()\n  (2): Linear(in_features=30, out_features=5, bias=True)\n  (3): ReLU()\n  (4): Linear(in_features=5, out_features=1, bias=True)\n  (5): Sigmoid()\n)",
  "batch_size": 1000,
  "total_epochs": 20,
  "seed": 42,
  "learning_rate": 0.001,
  "hidden_layers": [
    30,
    5
  ],
  "all_stats": [
    {
      "epochs": 0,
      "acc": 98.97264099121094,
      "mcc": 0.0
    },
    {
      "epochs": 10,
      "acc": 98.88187408447266,
      "mcc": 0.38066509183600744
    },
    {
      "epochs": 20,
      "acc": 98.81998443603516,
      "mcc": 0.37619791687828363
    }
  ],
  "final_stats": {
    "epochs": 20,
    "acc": 98.81998443603516,
    "mcc": 0.37619791687828363
  }
}