{
  "ligand": "MN",
  "embedder": "ESM",
  "model_to_string": "Sequential(\n  (0): Linear(in_features=1280, out_features=50, bias=True)\n  (1): ReLU()\n  (2): Linear(in_features=50, out_features=10, bias=True)\n  (3): ReLU()\n  (4): Linear(in_features=10, out_features=1, bias=True)\n  (5): Sigmoid()\n)",
  "batch_size": 1000,
  "total_epochs": 20,
  "seed": 42,
  "learning_rate": 0.001,
  "hidden_layers": [
    50,
    10
  ],
  "all_stats": [
    {
      "epochs": 0,
      "acc": 98.91075134277344,
      "mcc": 0.15027214683712495
    },
    {
      "epochs": 10,
      "acc": 98.93138122558594,
      "mcc": 0.38109402940552023
    },
    {
      "epochs": 20,
      "acc": 98.42802429199219,
      "mcc": 0.32517772925275507
    }
  ],
  "final_stats": {
    "epochs": 20,
    "acc": 98.42802429199219,
    "mcc": 0.32517772925275507
  }
}