{
  "ligand": "ZN",
  "embedder": "ESM",
  "model_to_string": "Sequential(\n  (0): Linear(in_features=1280, out_features=30, bias=True)\n  (1): ReLU()\n  (2): Linear(in_features=30, out_features=5, bias=True)\n  (3): ReLU()\n  (4): Linear(in_features=5, out_features=1, bias=True)\n  (5): Sigmoid()\n)",
  "batch_size": 1000,
  "total_epochs": 20,
  "seed": 42,
  "learning_rate": 0.001,
  "hidden_layers": [
    30,
    5
  ],
  "all_stats": [
    {
      "epochs": 0,
      "acc": 98.99317169189453,
      "mcc": 0.22182419056415825
    },
    {
      "epochs": 10,
      "acc": 99.1156005859375,
      "mcc": 0.4797550179756607
    },
    {
      "epochs": 20,
      "acc": 98.97157287597656,
      "mcc": 0.4572455709215781
    }
  ],
  "final_stats": {
    "epochs": 20,
    "acc": 98.97157287597656,
    "mcc": 0.4572455709215781
  }
}