{
  "ligand": "ZN",
  "embedder": "ESM",
  "model_to_string": "Sequential(\n  (0): Linear(in_features=1280, out_features=50, bias=True)\n  (1): ReLU()\n  (2): Linear(in_features=50, out_features=10, bias=True)\n  (3): ReLU()\n  (4): Linear(in_features=10, out_features=1, bias=True)\n  (5): Sigmoid()\n)",
  "batch_size": 1000,
  "total_epochs": 20,
  "seed": 42,
  "learning_rate": 0.001,
  "hidden_layers": [
    50,
    10
  ],
  "all_stats": [
    {
      "epochs": 0,
      "acc": 98.99461364746094,
      "mcc": 0.2186234288531294
    },
    {
      "epochs": 10,
      "acc": 99.0306167602539,
      "mcc": 0.47163867555424527
    },
    {
      "epochs": 20,
      "acc": 98.99748992919922,
      "mcc": 0.4453478016629326
    }
  ],
  "final_stats": {
    "epochs": 20,
    "acc": 98.99748992919922,
    "mcc": 0.4453478016629326
  }
}