{
  "ligand": "ZN",
  "embedder": "T5",
  "model_to_string": "Sequential(\n  (0): Linear(in_features=1024, out_features=30, bias=True)\n  (1): ReLU()\n  (2): Linear(in_features=30, out_features=5, bias=True)\n  (3): ReLU()\n  (4): Linear(in_features=5, out_features=1, bias=True)\n  (5): Sigmoid()\n)",
  "batch_size": 1000,
  "total_epochs": 20,
  "seed": 42,
  "learning_rate": 0.001,
  "hidden_layers": [
    30,
    5
  ],
  "all_stats": [
    {
      "epochs": 0,
      "acc": 99.0950698852539,
      "mcc": 0.35488289995924505
    },
    {
      "epochs": 10,
      "acc": 99.09783172607422,
      "mcc": 0.46734236820025715
    },
    {
      "epochs": 20,
      "acc": 98.97920227050781,
      "mcc": 0.4429751520428001
    }
  ],
  "final_stats": {
    "epochs": 20,
    "acc": 98.97920227050781,
    "mcc": 0.4429751520428001
  }
}