{
  "ligand": "ZN",
  "embedder": "T5",
  "result_tag": "basic",
  "model_to_string": "Sequential(\n  (0): Linear(in_features=1024, out_features=30, bias=True)\n  (1): ReLU()\n  (2): Linear(in_features=30, out_features=5, bias=True)\n  (3): ReLU()\n  (4): Linear(in_features=5, out_features=1, bias=True)\n  (5): Sigmoid()\n)",
  "batch_size": 1000,
  "total_epochs": 20,
  "seed": 42,
  "learning_rate": 0.01,
  "hidden_layers": [
    30,
    5
  ],
  "all_stats": [
    {
      "epochs": 0,
      "acc": 98.98609161376953,
      "mcc": 0.09463462124278944
    },
    {
      "epochs": 10,
      "acc": 98.9819564819336,
      "mcc": 0.4062473818113988
    },
    {
      "epochs": 20,
      "acc": 98.97091674804688,
      "mcc": 0.4102330712186711
    }
  ],
  "final_stats": {
    "epochs": 20,
    "acc": 98.97091674804688,
    "mcc": 0.4102330712186711
  }
}