{
  "ligand": "ADP",
  "embedder": "BERT",
  "result_tag": "basic",
  "model_to_string": "Sequential(\n  (0): Linear(in_features=1024, out_features=100, bias=True)\n  (1): ReLU()\n  (2): Linear(in_features=100, out_features=20, bias=True)\n  (3): ReLU()\n  (4): Linear(in_features=20, out_features=1, bias=True)\n  (5): Sigmoid()\n)",
  "batch_size": 1000,
  "total_epochs": 20,
  "seed": 42,
  "learning_rate": 0.001,
  "hidden_layers": [
    100,
    20
  ],
  "all_stats": [
    {
      "epochs": 0,
      "acc": 97.98054504394531,
      "mcc": 0.0
    },
    {
      "epochs": 10,
      "acc": 97.60887145996094,
      "mcc": 0.29630525955590215
    },
    {
      "epochs": 20,
      "acc": 97.07303619384766,
      "mcc": 0.2951451511678858
    }
  ],
  "final_stats": {
    "epochs": 20,
    "acc": 97.07303619384766,
    "mcc": 0.2951451511678858
  }
}