{
  "ligand": "AMP",
  "embedder": "T5",
  "result_tag": "basic",
  "model_to_string": "Sequential(\n  (0): Linear(in_features=1024, out_features=50, bias=True)\n  (1): ReLU()\n  (2): Linear(in_features=50, out_features=10, bias=True)\n  (3): ReLU()\n  (4): Linear(in_features=10, out_features=1, bias=True)\n  (5): Sigmoid()\n)",
  "batch_size": 1000,
  "total_epochs": 20,
  "seed": 42,
  "learning_rate": 0.001,
  "hidden_layers": [
    50,
    10
  ],
  "all_stats": [
    {
      "epochs": 0,
      "acc": 96.7471694946289,
      "mcc": 0.01238654851541025
    },
    {
      "epochs": 10,
      "acc": 97.03466033935547,
      "mcc": 0.28284862371297137
    },
    {
      "epochs": 20,
      "acc": 96.76359558105469,
      "mcc": 0.33132183439131835
    }
  ],
  "final_stats": {
    "epochs": 20,
    "acc": 96.76359558105469,
    "mcc": 0.33132183439131835
  }
}