{
  "result_tag": "two_prot_v2_c",
  "ligand": "ATP",
  "embedder": "ESM",
  "model_to_string": "Sequential(\n  (0): Linear(in_features=2562, out_features=256, bias=True)\n  (1): ReLU()\n  (2): Linear(in_features=256, out_features=128, bias=True)\n  (3): ReLU()\n  (4): Linear(in_features=128, out_features=1, bias=True)\n  (5): Sigmoid()\n)",
  "batch_size": 1000,
  "total_epochs": 10,
  "seed": 42,
  "learning_rate": 0.0001,
  "hidden_layers": [
    256,
    128
  ],
  "all_stats": [
    {
      "epochs": 0,
      "acc": 95.4283060181806,
      "mcc": 0.4183431529260011,
      "threshold": 0.30000000000000004,
      "test_data_stats": {
        "epochs": 0,
        "acc": 95.32569709591577,
        "mcc": 0.4025081379771144,
        "threshold": 0.30000000000000004
      }
    }
  ],
  "final_stats": {
    "epochs": 10,
    "acc": 97.16010881826024,
    "mcc": 0.6147159343209672,
    "threshold": 0.35000000000000003,
    "test_data_stats": {
      "epochs": 10,
      "acc": 97.03228045817424,
      "mcc": 0.5562550385773276,
      "threshold": 0.35000000000000003
    }
  },
  "losses": [
    0.23451504111289978,
    0.10137763619422913,
    0.10000943392515182,
    0.10934764891862869,
    0.05443444475531578,
    0.06209776923060417,
    0.09369838237762451,
    0.06355774402618408,
    0.043080758303403854,
    0.03431808203458786
  ],
  "radius": 7.5
}