{
  "result_tag": "two_prot_v2_c",
  "ligand": "ATP",
  "embedder": "ESM",
  "model_to_string": "Sequential(\n  (0): Linear(in_features=2562, out_features=256, bias=True)\n  (1): ReLU()\n  (2): Linear(in_features=256, out_features=128, bias=True)\n  (3): ReLU()\n  (4): Linear(in_features=128, out_features=1, bias=True)\n  (5): Sigmoid()\n)",
  "batch_size": 1000,
  "total_epochs": 10,
  "seed": 42,
  "learning_rate": 0.0001,
  "hidden_layers": [
    256,
    128
  ],
  "all_stats": [
    {
      "epochs": 0,
      "acc": 95.41503549863977,
      "mcc": 0.41665428771304824,
      "threshold": 0.30000000000000004,
      "test_data_stats": {
        "epochs": 0,
        "acc": 95.3604072659956,
        "mcc": 0.4052386825795987,
        "threshold": 0.30000000000000004
      }
    }
  ],
  "final_stats": {
    "epochs": 10,
    "acc": 97.16674407803066,
    "mcc": 0.6141831616301642,
    "threshold": 0.35000000000000003,
    "test_data_stats": {
      "epochs": 10,
      "acc": 97.01492537313433,
      "mcc": 0.5533212228001626,
      "threshold": 0.35000000000000003
    }
  },
  "losses": [
    0.23467308282852173,
    0.10098904371261597,
    0.09995666146278381,
    0.1095721647143364,
    0.054782357066869736,
    0.06208055093884468,
    0.09385589510202408,
    0.06302846968173981,
    0.04342382028698921,
    0.03445827215909958
  ],
  "radius": 2.5
}