{
  "ligand": "CA",
  "embedder": "BERT",
  "result_tag": "basic",
  "model_to_string": "Sequential(\n  (0): Linear(in_features=1024, out_features=30, bias=True)\n  (1): ReLU()\n  (2): Linear(in_features=30, out_features=5, bias=True)\n  (3): ReLU()\n  (4): Linear(in_features=5, out_features=1, bias=True)\n  (5): Sigmoid()\n)",
  "batch_size": 1000,
  "total_epochs": 20,
  "seed": 42,
  "learning_rate": 0.01,
  "hidden_layers": [
    30,
    5
  ],
  "all_stats": [
    {
      "epochs": 0,
      "acc": 98.9283218383789,
      "mcc": 0.042791413242465375
    },
    {
      "epochs": 10,
      "acc": 98.89453887939453,
      "mcc": 0.19758842274321867
    },
    {
      "epochs": 20,
      "acc": 98.61479187011719,
      "mcc": 0.13131189209672053
    }
  ],
  "final_stats": {
    "epochs": 20,
    "acc": 98.61479187011719,
    "mcc": 0.13131189209672053
  }
}