{
  "ligand": "MG",
  "embedder": "BERT",
  "result_tag": "basic",
  "model_to_string": "Sequential(\n  (0): Linear(in_features=1024, out_features=100, bias=True)\n  (1): ReLU()\n  (2): Linear(in_features=100, out_features=20, bias=True)\n  (3): ReLU()\n  (4): Linear(in_features=20, out_features=1, bias=True)\n  (5): Sigmoid()\n)",
  "batch_size": 1000,
  "total_epochs": 20,
  "seed": 42,
  "learning_rate": 0.001,
  "hidden_layers": [
    100,
    20
  ],
  "all_stats": [
    {
      "epochs": 0,
      "acc": 99.10575866699219,
      "mcc": 0.0
    },
    {
      "epochs": 10,
      "acc": 98.96592712402344,
      "mcc": 0.23145427648081152
    },
    {
      "epochs": 20,
      "acc": 98.82715606689453,
      "mcc": 0.20523303926788272
    }
  ],
  "final_stats": {
    "epochs": 20,
    "acc": 98.82715606689453,
    "mcc": 0.20523303926788272
  }
}