{
  "ligand": "MG",
  "embedder": "T5",
  "result_tag": "basic",
  "model_to_string": "Sequential(\n  (0): Linear(in_features=1024, out_features=30, bias=True)\n  (1): ReLU()\n  (2): Linear(in_features=30, out_features=5, bias=True)\n  (3): ReLU()\n  (4): Linear(in_features=5, out_features=1, bias=True)\n  (5): Sigmoid()\n)",
  "batch_size": 1000,
  "total_epochs": 20,
  "seed": 42,
  "learning_rate": 0.001,
  "hidden_layers": [
    30,
    5
  ],
  "all_stats": [
    {
      "epochs": 0,
      "acc": 99.10680389404297,
      "mcc": 0.034006449525967535
    },
    {
      "epochs": 10,
      "acc": 99.06714630126953,
      "mcc": 0.27213268452325134
    },
    {
      "epochs": 20,
      "acc": 98.97323608398438,
      "mcc": 0.24113931930961502
    }
  ],
  "final_stats": {
    "epochs": 20,
    "acc": 98.97323608398438,
    "mcc": 0.24113931930961502
  }
}