{
  "ligand": "MG",
  "embedder": "T5",
  "result_tag": "basic",
  "model_to_string": "Sequential(\n  (0): Linear(in_features=1024, out_features=50, bias=True)\n  (1): ReLU()\n  (2): Linear(in_features=50, out_features=10, bias=True)\n  (3): ReLU()\n  (4): Linear(in_features=10, out_features=1, bias=True)\n  (5): Sigmoid()\n)",
  "batch_size": 1000,
  "total_epochs": 20,
  "seed": 42,
  "learning_rate": 0.001,
  "hidden_layers": [
    50,
    10
  ],
  "all_stats": [
    {
      "epochs": 0,
      "acc": 99.120361328125,
      "mcc": 0.17134582075529933
    },
    {
      "epochs": 10,
      "acc": 99.05671691894531,
      "mcc": 0.2812415573333308
    },
    {
      "epochs": 20,
      "acc": 98.90019226074219,
      "mcc": 0.23095215977172026
    }
  ],
  "final_stats": {
    "epochs": 20,
    "acc": 98.90019226074219,
    "mcc": 0.23095215977172026
  }
}