{
  "ligand": "MN",
  "embedder": "ESM",
  "result_tag": "basic",
  "model_to_string": "Sequential(\n  (0): Linear(in_features=1280, out_features=100, bias=True)\n  (1): ReLU()\n  (2): Linear(in_features=100, out_features=20, bias=True)\n  (3): ReLU()\n  (4): Linear(in_features=20, out_features=1, bias=True)\n  (5): Sigmoid()\n)",
  "batch_size": 1000,
  "total_epochs": 20,
  "seed": 42,
  "learning_rate": 0.001,
  "hidden_layers": [
    100,
    20
  ],
  "all_stats": [
    {
      "epochs": 0,
      "acc": 98.97677612304688,
      "mcc": 0.06304735545162386
    },
    {
      "epochs": 10,
      "acc": 98.86537170410156,
      "mcc": 0.373982679781876
    },
    {
      "epochs": 20,
      "acc": 98.87361907958984,
      "mcc": 0.33527618778187845
    }
  ],
  "final_stats": {
    "epochs": 20,
    "acc": 98.87361907958984,
    "mcc": 0.33527618778187845
  }
}