{
  "ligand": "MN",
  "embedder": "T5",
  "result_tag": "basic",
  "model_to_string": "Sequential(\n  (0): Linear(in_features=1024, out_features=50, bias=True)\n  (1): ReLU()\n  (2): Linear(in_features=50, out_features=10, bias=True)\n  (3): ReLU()\n  (4): Linear(in_features=10, out_features=1, bias=True)\n  (5): Sigmoid()\n)",
  "batch_size": 1000,
  "total_epochs": 20,
  "seed": 42,
  "learning_rate": 0.001,
  "hidden_layers": [
    50,
    10
  ],
  "all_stats": [
    {
      "epochs": 0,
      "acc": 99.00977325439453,
      "mcc": 0.23706306538944064
    },
    {
      "epochs": 10,
      "acc": 98.94789123535156,
      "mcc": 0.3702703139028411
    },
    {
      "epochs": 20,
      "acc": 98.75809478759766,
      "mcc": 0.36819119971295367
    }
  ],
  "final_stats": {
    "epochs": 20,
    "acc": 98.75809478759766,
    "mcc": 0.36819119971295367
  }
}