{
  "ligand": "ZN",
  "embedder": "BERT",
  "result_tag": "basic",
  "model_to_string": "Sequential(\n  (0): Linear(in_features=1024, out_features=100, bias=True)\n  (1): ReLU()\n  (2): Linear(in_features=100, out_features=20, bias=True)\n  (3): ReLU()\n  (4): Linear(in_features=20, out_features=1, bias=True)\n  (5): Sigmoid()\n)",
  "batch_size": 1000,
  "total_epochs": 20,
  "seed": 42,
  "learning_rate": 0.01,
  "hidden_layers": [
    100,
    20
  ],
  "all_stats": [
    {
      "epochs": 0,
      "acc": 99.0398941040039,
      "mcc": 0.2588398642686095
    },
    {
      "epochs": 10,
      "acc": 98.77779388427734,
      "mcc": 0.3364828633001551
    },
    {
      "epochs": 20,
      "acc": 98.86470794677734,
      "mcc": 0.350959521753069
    }
  ],
  "final_stats": {
    "epochs": 20,
    "acc": 98.86470794677734,
    "mcc": 0.350959521753069
  }
}