{
  "result_tag": "protrusion_v1",
  "ligand": "ZN",
  "embedder": "T5",
  "model_to_string": "Sequential(\n  (0): Linear(in_features=1043, out_features=100, bias=True)\n  (1): ReLU()\n  (2): Linear(in_features=100, out_features=50, bias=True)\n  (3): ReLU()\n  (4): Linear(in_features=50, out_features=20, bias=True)\n  (5): ReLU()\n  (6): Linear(in_features=20, out_features=1, bias=True)\n  (7): Sigmoid()\n)",
  "batch_size": 1000,
  "total_epochs": 20,
  "seed": 42,
  "learning_rate": 0.001,
  "hidden_layers": [
    100,
    50,
    20
  ],
  "all_stats": [
    {
      "epochs": 0,
      "acc": 99.08843994140625,
      "mcc": 0.2785664588034893
    },
    {
      "epochs": 10,
      "acc": 99.08552551269531,
      "mcc": 0.4593645972291948
    },
    {
      "epochs": 20,
      "acc": 99.09134674072266,
      "mcc": 0.43581348259142955
    }
  ],
  "final_stats": {
    "epochs": 20,
    "acc": 99.09134674072266,
    "mcc": 0.43581348259142955
  },
  "protrusion_radii": [
    1.0,
    1.5,
    2.0,
    2.5,
    3.0,
    3.5,
    4.0,
    4.5,
    5.0,
    5.5,
    6.0,
    6.5,
    7.0,
    7.5,
    8.0,
    8.5,
    9.0,
    9.5,
    10.0
  ]
}