{
  "ligand": "ZN",
  "embedder": "T5",
  "result_tag": "basic",
  "model_to_string": "Sequential(\n  (0): Linear(in_features=1024, out_features=50, bias=True)\n  (1): ReLU()\n  (2): Linear(in_features=50, out_features=10, bias=True)\n  (3): ReLU()\n  (4): Linear(in_features=10, out_features=1, bias=True)\n  (5): Sigmoid()\n)",
  "batch_size": 1000,
  "total_epochs": 20,
  "seed": 42,
  "learning_rate": 0.01,
  "hidden_layers": [
    50,
    10
  ],
  "all_stats": [
    {
      "epochs": 0,
      "acc": 99.10472869873047,
      "mcc": 0.38546654289080934
    },
    {
      "epochs": 10,
      "acc": 98.89366912841797,
      "mcc": 0.43311271814292035
    },
    {
      "epochs": 20,
      "acc": 98.95023345947266,
      "mcc": 0.44564021813608834
    }
  ],
  "final_stats": {
    "epochs": 20,
    "acc": 98.95023345947266,
    "mcc": 0.44564021813608834
  }
}